id;name;kind;image;description;gmt_create;gmt_modified
1;Intelligent Rubber Mouse deposit Towels;Virginia Borders Garden;Shoes TCP;haptic Vanuatu;2020-04-22T21:32:14;2020-04-22T18:59:50
2;auxiliary Money Market Account solid state;Refined Granite Bike;global;SCSI Unbranded Gorgeous Fresh Shoes;2020-04-22T07:49:33;2020-04-23T01:08:19
3;solutions Profit-focused synthesizing;Cloned;Refined Berkshire;sensor;2020-04-22T18:48:07;2020-04-22T13:39:56
4;Practical Granite Pizza;THX asynchronous Hat;navigate Credit Card Account;Point Berkshire Intelligent Soft Towels;2020-04-23T02:02:23;2020-04-22T11:49:56
5;Proactive;Multi-channelled matrix South Carolina;Pizza;hard drive Sausages;2020-04-22T14:40:05;2020-04-22T22:48:58
6;end-to-end Intelligent Metal Fish Directives;Handcrafted Rubber Bike Riel digital;program Generic;synthesizing well-modulated;2020-04-23T00:22:29;2020-04-23T06:25:25
7;Branding;connect Incredible;Graphic Interface;Unbranded Rubber Shoes portals;2020-04-23T01:31:14;2020-04-22T11:52:34
8;Graphical User Interface Small transmitting;transition;withdrawal;recontextualize Shirt;2020-04-22T16:51:18;2020-04-22T17:27:30
9;lime transmitting Music;Liaison backing up high-level;Music;gold payment Table;2020-04-22T11:35:31;2020-04-23T01:45:54
10;Falkland Islands (Malvinas);Tasty Direct;Philippines array;Mill invoice firewall;2020-04-23T00:47:17;2020-04-23T03:08:27
