id;resource_id;name;description;version;remark;zip_url;fk_runtime_id;gateway_path;faas_path;is_deleted;gmt_create;gmt_modified
1;input Louisiana;Forest Democratic People's Republic of Korea Multi;overriding Books PCI;Rustic Fresh Towels Bacon;website Extension Configuration;virtual platforms multi-tasking;77019;optimize;digital parallelism Rand Namibia Dollar;false;2020-04-22T18:18:58;2020-04-23T02:35:05
2;Handcrafted Concrete Shoes;Kentucky;monitor Upgradable Salad;withdrawal RSS Grove;RSS Liaison;Health orange generate;57421;standardization;Soft Manager Program;false;2020-04-22T08:22:22;2020-04-22T18:25:49
3;Automotive infomediaries;Intelligent;technologies SMTP Handmade Steel Towels;Division;customized microchip;Designer program front-end;92799;Antarctica (the territory South of 60 deg S) Saint Vincent and the Grenadines;lime National monitor;false;2020-04-22T16:45:28;2020-04-23T03:40:55
4;Antarctica (the territory South ;open-source Ergonomic Concrete Bacon;Assistant;static Camp;Plastic deposit Implementation;Mall Steel navigate;55096;quantifying;generate salmon;false;2020-04-23T03:05:07;2020-04-22T21:35:33
5;Aruba Refined Metal Computer;syndicate deliver;Security blue;Officer circuit magenta;Senior Movies;Shoes AI;9568;Rapids;Games;false;2020-04-22T20:59:13;2020-04-22T10:09:47
6;matrix;Cotton;transmitter;quantifying;Bedfordshire;Chair payment;35804;District India;mint green Money Market Account primary;false;2020-04-22T08:41:07;2020-04-22T07:34:35
7;Small local area network;Shoes;parsing Designer Central;vortals Flat;East Caribbean Dollar;Data;9904;Intelligent applications Fresh;Designer Cambridgeshire;true;2020-04-23T05:07:54;2020-04-22T22:17:04
8;partnerships;parse Shirt analyzing;virtual;yellow Chair Fresh;red;Stand-alone installation;75635;markets;Licensed;true;2020-04-22T18:23:33;2020-04-22T22:39:48
9;24/7;Mall Jewelery encoding;Tasty Analyst Steel;Generic Concrete Hat;California olive;programming invoice;53287;platforms Officer port;withdrawal;false;2020-04-22T21:32:28;2020-04-22T20:40:45
10;GB;orange;bus Home;Factors Home Loan Account;Lao People's Democratic Republic South Dakota;redundant Orchestrator;28553;Garden Investment Account Berkshire;calculating aggregate;true;2020-04-23T01:00:55;2020-04-22T07:28:24
